{
  "isolation_forest": {
    "roc_auc": 0.9160444317938944,
    "pr_auc": 0.44350177924817763
  },
  "oneclass_svm": {
    "roc_auc": 0.33591729928846814,
    "pr_auc": 0.0911967523208009
  }
}